,118,192,194,226,230,385,620,621,672,694,743,772,1646,1656,1677,1678,1900,2017,2021,2030,2184,2547,2723,2732,2751
Array.129,-1,1,1,0,0,0,0,0,-1,0,0,0,1,1,0,0,-1,1,1,1,2,0,-1,-1,0
Array.34,0,-1,1,0,-1,0,0,0,0,-1,0,0,0,2,1,1,0,0,0,0,0,0,0,0,0
Array.67,-1,0,0,0,-1,0,0,0,0,-1,0,0,0,0,0,0,-1,-1,-1,-1,-1,0,0,0,0
Array.24,-1,-1,-1,0,0,1,0,0,-1,-1,0,0,0,-1,0,0,-1,0,0,0,0,0,1,1,0
Array.22,0,-1,1,-1,0,1,0,0,0,0,1,1,0,0,0,0,-1,-1,-1,-1,0,0,0,0,-1
Array.36,0,0,1,0,-1,0,0,0,0,0,0,0,0,0,0,0,0,0,-1,-1,-1,1,-1,-1,-1
Array.49,-1,2,1,1,1,0,0,0,-1,-1,2,0,0,1,0,0,0,-1,-1,-1,2,0,0,1,-1
Array.16,-1,-1,1,0,0,-1,1,1,-1,-1,0,0,0,0,0,0,0,-1,-1,-1,2,-1,-1,-1,0
Array.146,0,0,0,-1,0,0,0,0,-1,0,0,0,0,0,0,0,0,0,0,0,0,0,0,0,0
Array.143,1,1,1,1,1,1,0,0,-1,-1,0,0,0,0,0,0,0,-1,-1,-1,2,1,1,1,1
Array.65,0,0,1,1,1,0,1,1,0,1,0,0,0,0,0,0,0,-1,-1,-1,0,1,-1,-1,-1
Array.62,1,0,2,2,1,1,0,0,1,0,1,1,0,0,0,0,0,1,1,1,0,0,1,1,1
Array.4,-1,1,1,1,0,-1,-1,-1,-1,-1,1,-1,-1,0,0,0,-1,0,1,0,2,-1,0,0,0
Array.76,0,1,1,1,0,-1,1,1,-1,-1,0,0,0,0,0,0,-1,0,-1,0,2,-1,-1,-1,-1
Array.118,1,-1,1,1,0,0,1,1,0,0,1,0,0,0,0,0,0,0,0,0,0,1,1,1,1
Array.154,-1,-1,2,1,1,0,2,2,0,0,1,1,1,1,1,1,0,0,0,0,0,1,1,1,1
Array.48,-1,0,1,1,-1,-1,0,0,0,1,0,0,1,1,1,1,0,0,-1,-1,1,0,-1,-1,-1
Array.6,0,-1,1,1,-1,0,0,0,0,0,1,0,0,0,0,0,0,0,-1,-1,2,0,0,0,0
Array.39,-1,1,1,1,1,0,0,0,0,0,0,0,0,0,0,0,0,-1,-1,-1,0,0,-1,0,0
Array.86,0,1,0,0,-1,0,0,0,0,0,0,0,0,0,0,0,0,-1,-1,-1,-1,0,-1,-1,-1
Array.112,-1,-1,1,0,0,-1,1,1,-1,-1,-1,1,-1,0,0,0,0,0,-1,0,-1,0,-1,0,1
Array.79,0,1,1,1,1,0,2,2,0,1,0,0,0,0,0,0,-1,-1,-1,-1,2,0,0,-1,-1
Array.124,0,-1,1,1,0,1,-1,-1,1,0,0,-1,1,1,1,1,0,1,0,1,0,1,0,0,0
Array.19,-1,1,1,1,0,0,1,1,-1,1,0,0,0,1,-1,-1,0,1,1,1,2,0,0,0,0
Array.27,0,1,1,-1,1,0,0,0,0,0,0,0,0,0,0,0,0,-1,-1,-1,0,0,-1,0,0
Array.106,0,0,1,1,1,1,1,1,0,-1,1,1,1,1,1,1,0,-1,-1,-1,2,1,0,0,0
Array.110,0,1,2,1,1,0,1,1,-1,0,0,0,0,0,0,0,0,0,-1,0,2,0,0,0,0
Array.69,-1,2,1,1,1,0,0,0,-1,-1,-1,-1,0,0,0,0,-1,2,-1,-1,1,-1,0,0,-1
Array.73,0,1,1,0,1,0,0,0,-1,0,0,0,0,0,0,0,0,0,-1,0,2,0,0,0,0
Array.95,-1,0,1,1,1,0,0,0,1,1,0,0,1,1,1,1,1,0,-1,0,0,1,0,0,0
Array.98,0,-1,1,1,1,1,1,1,1,1,1,1,1,1,1,1,0,-1,-1,-1,0,1,-1,-1,-1
Array.17,0,1,1,0,-1,0,0,0,-1,-1,0,0,0,0,0,0,0,-1,-1,-1,2,0,0,0,0
Array.33,-1,1,1,-1,1,0,1,1,0,0,0,0,1,2,0,0,1,1,-1,0,-1,-1,-1,-1,-1
Array.138,1,2,1,1,1,0,0,0,-1,0,1,1,1,1,1,1,0,0,0,-1,2,1,0,0,0
Array.149,-1,-1,1,1,1,0,1,1,-1,-1,0,-1,1,1,0,0,0,-1,-1,-1,1,0,-1,-1,-1
Array.101,-1,0,1,1,1,1,1,1,1,1,1,0,1,1,1,1,1,0,0,0,0,1,0,0,0
Array.90,-1,-1,1,1,1,0,-1,-1,0,-1,0,0,-1,0,-1,-1,-1,0,0,0,-1,0,-1,-1,-1
Array.99,-1,-1,1,1,0,-1,-1,-1,0,-1,0,0,0,0,0,0,0,1,0,0,0,-1,-1,-1,0
Array.57,-1,-1,1,1,1,1,0,-1,0,0,1,1,0,0,0,0,-1,0,-1,0,0,0,0,0,0
Array.105,-1,1,1,1,0,0,0,0,0,0,0,0,0,0,0,0,0,0,0,0,2,0,0,0,0
Array.85,-1,1,0,0,0,0,0,0,-1,0,0,0,0,0,0,0,-1,-1,-1,-1,0,0,0,0,0
Array.114,-1,0,0,1,1,-1,0,0,0,0,0,0,0,0,0,0,-1,0,0,0,-1,-1,-1,-1,-1
Array.56,-1,-1,2,1,-1,0,0,0,0,0,0,0,0,0,0,0,-1,-1,-1,-1,-1,0,-1,-1,-1
Array.5,0,0,1,-1,0,-1,-1,-1,0,-1,1,1,-1,0,0,0,-1,0,-1,-1,-1,-1,0,1,0
Array.8,1,1,1,0,1,0,0,0,0,0,0,0,0,0,1,1,0,0,0,0,0,0,0,0,0
Array.113,-1,1,-1,-1,-1,0,0,0,0,0,-1,-1,0,0,0,0,-1,0,-1,0,0,-1,-1,-1,-1
Array.148,0,0,0,0,0,1,0,0,0,0,1,0,0,0,0,0,0,0,0,0,2,-1,0,0,0
Array.42,-1,1,1,1,0,0,1,1,0,0,1,0,0,0,0,0,0,1,1,1,2,1,-1,-1,-1
Array.25,0,0,1,0,-1,-1,-1,-1,0,-1,0,0,-1,-1,-1,-1,0,-1,-1,-1,1,-1,-1,0,1
Array.102,-1,-1,1,-1,1,-1,0,0,0,-1,1,1,0,0,0,0,-1,0,-1,-1,0,-1,0,0,0
Array.55,0,-1,1,-1,-1,-1,1,1,-1,-1,0,-1,0,0,0,0,0,0,0,0,2,1,0,0,-1
Array.141,0,1,1,1,1,0,0,0,0,0,0,0,0,0,0,0,0,-1,-1,-1,0,0,0,0,0
Array.43,0,-1,1,-1,0,0,0,1,0,0,-1,-1,0,0,0,0,0,-1,-1,-1,0,0,-1,0,0
Array.159,0,-1,1,0,0,-1,1,1,-1,-1,1,0,-1,-1,-1,-1,0,0,0,0,-1,-1,1,1,0
Array.52,-1,0,1,1,1,0,1,1,0,0,0,0,0,1,0,0,0,-1,-1,-1,-1,0,0,0,0
Array.88,-1,1,0,-1,-1,-1,0,0,-1,-1,1,0,1,-1,-1,-1,-1,0,0,0,1,1,0,0,-1
Array.125,0,0,0,0,0,0,0,0,0,0,0,0,0,0,0,0,0,0,0,0,2,0,0,0,0
Array.152,-1,0,0,0,0,0,1,1,-1,-1,0,0,0,1,1,1,-1,-1,-1,-1,2,0,0,0,0
Array.50,-1,1,2,1,1,0,-1,-1,0,0,1,1,0,0,0,0,0,1,1,1,0,1,1,1,1
Array.23,0,2,1,1,1,0,0,0,-1,-1,0,0,0,1,1,1,0,0,0,0,1,1,0,0,0
Array.68,-1,-1,0,0,0,0,0,0,-1,0,0,0,0,0,0,0,0,-1,-1,-1,2,0,0,0,0
Array.94,0,2,1,1,0,0,1,1,0,0,0,0,1,1,1,1,0,0,0,0,0,2,0,0,0
Array.153,0,0,1,0,0,-1,1,1,-1,-1,1,1,-1,-1,-1,-1,-1,-1,-1,-1,-1,-1,0,0,0
Array.51,1,0,1,1,1,1,1,2,0,0,1,1,0,0,0,0,1,0,0,0,2,1,1,1,1
Array.142,0,2,1,1,1,1,1,1,1,1,1,1,1,1,1,1,0,1,1,1,1,1,-1,-1,-1
Array.144,0,-1,1,1,1,0,-1,-1,0,0,2,0,0,0,0,0,1,0,0,0,2,0,0,0,0
Array.37,-1,1,1,0,-1,0,0,0,0,0,0,0,0,0,0,0,0,0,-1,-1,0,0,-1,-1,-1
Array.78,0,1,1,1,0,0,0,0,-1,1,0,0,0,0,0,0,0,0,0,0,2,-1,-1,-1,-1
Array.18,1,2,1,1,0,-1,1,1,-1,0,0,0,-1,0,0,1,0,0,0,0,2,0,0,0,0
Array.82,0,-1,1,1,0,0,0,0,0,0,0,0,1,1,1,1,0,0,-1,0,0,1,0,0,0
Array.75,0,-1,1,0,-1,-1,0,1,-1,-1,0,0,0,0,0,0,-1,0,-1,-1,2,-1,0,0,0
Array.139,0,0,1,1,1,0,0,0,0,0,0,0,0,0,0,0,0,-1,-1,-1,2,0,0,0,0
Array.2,-1,-1,0,1,1,0,0,0,0,1,-1,-1,0,0,0,0,1,0,-1,0,1,1,-1,0,-1
Array.117,0,2,1,0,-1,0,0,0,0,0,0,0,0,0,0,0,-1,-1,-1,-1,0,0,0,0,0
Array.60,0,2,1,-1,0,0,1,1,0,0,0,0,0,0,0,0,0,-1,-1,-1,0,0,0,0,0
Array.38,0,0,0,0,0,0,2,2,-1,-1,-1,0,0,0,-1,-1,-1,0,0,0,-1,0,-1,-1,-1
Array.72,0,1,1,-1,0,0,0,0,0,0,0,0,0,2,0,0,0,0,0,0,2,1,1,0,0
Array.104,-1,-1,0,-1,0,0,-1,-1,0,0,0,0,0,0,0,0,0,0,0,0,0,0,0,0,0
Array.137,0,1,1,1,0,-1,1,1,0,0,0,0,0,0,0,0,0,-1,-1,-1,0,0,0,0,-1
Array.145,-1,-1,1,1,1,-1,-1,-1,-1,-1,0,0,-1,-1,-1,-1,-1,-1,0,0,0,0,0,0,-1
Array.31,-1,0,2,0,-1,1,2,2,0,0,1,1,0,0,0,0,0,1,2,1,0,1,1,1,1
Array.135,-1,1,1,1,1,0,0,0,0,0,1,1,0,0,0,0,0,0,0,0,0,0,0,0,1
Array.111,-1,0,1,1,1,0,0,0,0,0,1,1,0,0,0,0,0,1,1,1,0,1,1,1,1
Array.7,0,1,0,-1,0,0,0,0,0,1,0,0,0,0,-1,0,0,0,0,0,-1,0,-1,-1,-1
Array.21,1,2,1,0,0,0,1,1,1,0,1,1,1,1,0,0,0,0,-1,-1,2,0,0,0,1
Array.53,0,-1,0,-1,0,0,1,1,-1,0,-1,-1,0,0,0,0,-1,-1,-1,-1,2,0,-1,0,0
Array.59,-1,1,1,0,-1,0,0,-1,0,0,-1,0,0,0,0,0,-1,0,-1,0,0,-1,0,0,-1
Array.71,0,1,1,1,1,-1,-1,0,-1,-1,0,2,-1,0,0,0,0,0,-1,-1,0,-1,0,0,1
Array.47,-1,-1,1,-1,0,-1,0,0,-1,-1,0,0,-1,0,0,0,0,0,0,-1,0,-1,0,0,1
Array.107,0,2,1,1,0,0,0,0,-1,-1,1,1,0,0,-1,-1,0,0,-1,-1,-1,0,-1,-1,-1
Array.64,-1,1,1,1,0,0,1,1,0,-1,1,0,-1,-1,-1,-1,-1,0,0,0,0,-1,1,1,0
Array.89,0,2,1,1,1,0,0,0,0,0,0,0,0,0,0,0,0,0,-1,-1,0,0,0,0,0
Array.30,0,-1,2,1,1,1,0,0,0,0,1,0,0,0,0,0,0,1,1,0,0,0,0,1,1
Array.35,-1,-1,1,0,-1,0,0,0,0,0,0,0,0,0,0,0,1,-1,-1,-1,0,0,-1,-1,-1
Array.93,0,-1,2,1,1,-1,0,0,-1,0,1,1,0,0,0,0,0,0,-1,0,0,0,1,1,0
Array.10,-1,1,1,1,1,0,1,1,0,0,0,0,0,0,0,0,0,0,0,0,2,0,-1,-1,-1
Array.123,0,2,1,1,0,0,1,1,0,0,1,0,0,2,1,1,0,-1,-1,-1,0,0,0,-1,0
Array.100,0,-1,1,0,-1,0,-1,-1,-1,-1,0,0,0,0,0,0,0,0,0,0,0,0,0,0,0
Array.134,-1,-1,1,1,1,1,0,0,0,0,1,1,1,1,1,1,0,-1,-1,-1,1,1,-1,-1,-1
Array.130,-1,2,1,0,0,0,2,2,-1,-1,0,0,0,0,0,0,0,0,0,0,2,-1,0,0,0
